ARTICULO,PROVEEDOR
The Pop Shoppe - Lime Rickey,Skilith
Muffin - Mix - Bran And Maple 15l,Skilith
"Mushroom - Oyster, Fresh",Kwilith
Bread - 10 Grain Parisian,Skilith
Veal - Heart,Bluezoom
Wine - Ej Gallo Sierra Valley,Bluezoom
"Pasta - Penne Primavera, Single",Tagfeed
Jolt Cola - Red Eye,Kwilith
Turnip - Wax,Tagfeed
Ecolab - Solid Fusion,Avaveo
Bag - Clear 7 Lb,Avaveo
Container - Foam Dixie 12 Oz,Kwilith
Cheese - Parmigiano Reggiano,Tagfeed
Bread - Olive,Bluezoom
"Syrup - Monin, Swiss Choclate",Bluezoom
Wine - Magnotta - Pinot Gris Sr,Bluezoom
Irish Cream - Butterscotch,Skilith
Catfish - Fillets,Tagfeed
Mackerel Whole Fresh,Bluezoom
"Juice - Orange, 341 Ml",Bluezoom
Lumpfish Black,Kwilith
Huck Towels White,Avaveo
"Soup - Knorr, Chicken Noodle",Bluezoom
Syrup - Monin - Blue Curacao,Kwilith
"Juice - Apple, 1.36l",Kwilith
Bread - Rye,Bluezoom
Ice Cream Bar - Oreo Sandwich,Tagfeed
Cattail Hearts,Skilith
Curry Powder Madras,Avaveo
Sweet Pea Sprouts,Kwilith
Bread - Wheat Baguette,Bluezoom
Table Cloth 144x90 White,Bluezoom
Eel Fresh,Kwilith
Chivas Regal - 12 Year Old,Kwilith
Cognac - Courvaisier,Skilith
Pur Value,Tagfeed
Cheese - Oka,Avaveo
"Beans - Long, Chinese",Kwilith
Lemon Grass,Kwilith
Soup - Campbells Pasta Fagioli,Skilith
Spinach - Baby,Kwilith
"Flour - Corn, Fine",Skilith
"Lamb - Whole Head Off,nz",Kwilith
Compound - Strawberry,Tagfeed
Puree - Blackcurrant,Avaveo
Mushroom Morel Fresh,Tagfeed
Grouper - Fresh,Tagfeed
"Brownies - Two Bite, Chocolate",Avaveo
Soho Lychee Liqueur,Tagfeed
"Cherries - Bing, Canned",Skilith
Sprouts Dikon,Bluezoom
Muffin Batt - Carrot Spice,Skilith
Beer - Fruli,Bluezoom
"Beans - Black Bean, Canned",Skilith
Buffalo - Striploin,Kwilith
Tomatoes,Kwilith
Juice - Happy Planet,Tagfeed
Blouse / Shirt / Sweater,Kwilith
"Bread - Sticks, Thin, Plain",Tagfeed
Capers - Pickled,Avaveo
"Wine - Magnotta, Merlot Sr Vqa",Kwilith
Carbonated Water - Peach,Kwilith
Puree - Passion Fruit,Kwilith
Beer - Mcauslan Apricot,Kwilith
Beer - Guiness,Avaveo
Bread - Calabrese Baguette,Skilith
Parsnip,Bluezoom
Tea - Earl Grey,Kwilith
Sugar - Crumb,Skilith
Berry Brulee,Skilith
Foil Wrap,Avaveo
Cherries - Frozen,Skilith
Spinach - Packaged,Avaveo
Rice - Aborio,Avaveo
Syrup - Monin - Blue Curacao,Kwilith
Wine - Barolo Fontanafredda,Avaveo
Soup Knorr Chili With Beans,Bluezoom
Appetiser - Bought,Skilith
Bread - French Stick,Skilith
Bread Roll Foccacia,Skilith
"Asparagus - White, Canned",Kwilith
Whmis Spray Bottle Graduated,Kwilith
Cheese - Gouda Smoked,Kwilith
"Jam - Marmalade, Orange",Skilith
"Appetizer - Mini Egg Roll, Shrimp",Kwilith
Cream - 10%,Kwilith
Lobster - Tail 6 Oz,Avaveo
Crawfish,Skilith
"Butter - Salted, Micro",Kwilith
Heavy Duty Dust Pan,Avaveo
Water - Spring 1.5lit,Avaveo
Pants Custom Dry Clean,Skilith
Milk - Condensed,Kwilith
Cookie Dough - Peanut Butter,Tagfeed
"Lid - 10,12,16 Oz",Tagfeed
Veal - Inside,Tagfeed
"Fish - Halibut, Cold Smoked",Avaveo
Beans - Kidney White,Kwilith
Chinese Lemon Pork,Tagfeed
Apples - Spartan,Kwilith
Venison - Ground,Kwilith
Wine - Chianti Classico Riserva,Skilith
Beer - True North Strong Ale,Avaveo
Oil - Olive,Kwilith
Wine - Fume Blanc Fetzer,Avaveo
Vector Energy Bar,Tagfeed
Gelatine Leaves - Envelopes,Avaveo
Melon - Honey Dew,Tagfeed
Beets - Pickled,Bluezoom
Kellogs Cereal In A Cup,Skilith
Bread - Kimel Stick Poly,Skilith
Garlic,Avaveo
Fish - Bones,Avaveo
Pepper - Jalapeno,Avaveo
"Sole - Dover, Whole, Fresh",Skilith
Mousse - Passion Fruit,Avaveo
Kellogs Special K Cereal,Tagfeed
"Cheese - Romano, Grated",Bluezoom
Cheese - Cottage Cheese,Skilith
Appetizer - Asian Shrimp Roll,Bluezoom
Pasta - Agnolotti - Butternut,Tagfeed
Ice Cream - Strawberry,Kwilith
"Jam - Blackberry, 20 Ml Jar",Tagfeed
"Spoon - Soup, Plastic",Tagfeed
Olive - Spread Tapenade,Tagfeed
Wine - Beringer Founders Estate,Bluezoom
Squeeze Bottle,Skilith
Table Cloth 90x90 Colour,Kwilith
"Sauce - Soya, Dark",Bluezoom
Longos - Penne With Pesto,Kwilith
Banana,Bluezoom
Lumpfish Black,Skilith
"Cheese - Mozzarella, Shredded",Kwilith
Relish,Kwilith
Roe - White Fish,Tagfeed
Lamb - Whole Head Off,Avaveo
Star Fruit,Skilith
Pear - Halves,Skilith
Wine - Trimbach Pinot Blanc,Avaveo
Mace Ground,Avaveo
Soap - Pine Sol Floor Cleaner,Bluezoom
Tea - Orange Pekoe,Tagfeed
Soup Campbells Split Pea And Ham,Kwilith
Flavouring - Raspberry,Tagfeed
Soup Campbells Beef With Veg,Skilith
Soup - Campbells Beef Stew,Tagfeed
Lid Coffee Cup 8oz Blk,Tagfeed
Buttons,Avaveo
Venison - Denver Leg Boneless,Kwilith
Sherbet - Raspberry,Bluezoom
Venison - Racks Frenched,Kwilith
Scallop - St. Jaques,Skilith
Foil Wrap,Tagfeed
The Pop Shoppe - Cream Soda,Kwilith
Wine - Rubyport,Tagfeed
Wine - Barossa Valley Estate,Kwilith
Food Colouring - Pink,Kwilith
Beer - Camerons Cream Ale,Bluezoom
Kellogs All Bran Bars,Kwilith
Icecream - Dstk Cml And Fdg,Tagfeed
Kirsch - Schloss,Avaveo
Cornflakes,Kwilith
Bagelers - Cinn / Brown,Avaveo
Chinese Foods - Pepper Beef,Avaveo
Wine - Valpolicella Masi,Avaveo
Carbonated Water - Lemon Lime,Bluezoom
Shrimp - Black Tiger 13/15,Tagfeed
Soup - Campbells Mac N Cheese,Kwilith
Tequila - Sauza Silver,Avaveo
Wine - Touraine Azay - Le - Rideau,Avaveo
Corn Syrup,Skilith
Cotton Wet Mop 16 Oz,Tagfeed
Wine - Chateau Aqueria Tavel,Avaveo
Sour Puss Sour Apple,Skilith
Lettuce - Baby Salad Greens,Avaveo
Tuna - Yellowfin,Bluezoom
"Oil - Food, Lacquer Spray",Skilith
Red Pepper Paste,Kwilith
Cod - Black Whole Fillet,Tagfeed
Neckerchief Blck,Kwilith
Mix - Cocktail Ice Cream,Skilith
Coffee - Ristretto Coffee Capsule,Tagfeed
Shrimp - Black Tiger 26/30,Skilith
Arctic Char - Fillets,Kwilith
Chicken - Base,Kwilith
Yoghurt Tubes,Skilith
Fondant - Icing,Skilith
Filling - Mince Meat,Avaveo
The Pop Shoppe Pinapple,Avaveo
"Stock - Veal, Brown",Skilith
Wine La Vielle Ferme Cote Du,Skilith
Tandoori Curry Paste,Avaveo
"Tray - Foam, Square 4 - S",Bluezoom
Creme De Banane - Marie,Tagfeed
Spice - Peppercorn Melange,Avaveo
"Pasta - Orzo, Dry",Kwilith
Pimento - Canned,Tagfeed
Turkey Tenderloin Frozen,Tagfeed
Cookie - Oatmeal,Tagfeed
"Salsify, Organic",Bluezoom
Blueberries,Skilith
Fondant - Icing,Avaveo
Soup Campbells,Avaveo
"Vermouth - White, Cinzano",Kwilith
"Nut - Chestnuts, Whole",Kwilith
V8 Pet,Kwilith
"Vermouth - White, Cinzano",Avaveo
Lettuce - Romaine,Tagfeed
Apricots - Halves,Avaveo
Veal - Knuckle,Kwilith
Lettuce - Belgian Endive,Kwilith
Mousse - Passion Fruit,Bluezoom
Papadam,Kwilith
Ice Cream Bar - Rolo Cone,Tagfeed
Cheese - Brie,Tagfeed
"Cheese - Manchego, Spanish",Tagfeed
Ham - Cooked,Avaveo
Turkey - Ground. Lean,Tagfeed
Cream - 10%,Tagfeed
Pasta - Agnolotti - Butternut,Bluezoom
"Juice - Grapefruit, 341 Ml",Avaveo
Mortadella,Bluezoom
Vinegar - Red Wine,Tagfeed
"Beef - Bones, Cut - Up",Kwilith
Soup - Campbells Tomato Ravioli,Kwilith
Pears - Anjou,Tagfeed
Crab Brie In Phyllo,Tagfeed
Sauce - Mint,Bluezoom
Pie Shells 10,Avaveo
Apple - Fuji,Tagfeed
Crackers - Trio,Avaveo
Pie Shell - 9,Bluezoom
Aspic - Light,Avaveo
Pepper - Red Thai,Bluezoom
Foil - Round Foil,Kwilith
Cheese - Colby,Bluezoom
Orange - Tangerine,Avaveo
Cookies Almond Hazelnut,Kwilith
"Water - Mineral, Natural",Tagfeed
Initation Crab Meat,Bluezoom
Pork - Inside,Avaveo
Saskatoon Berries - Frozen,Avaveo
Beer - Fruli,Skilith
Shortbread - Cookie Crumbs,Tagfeed
Smirnoff Green Apple Twist,Tagfeed
Beef Flat Iron Steak,Skilith
Pork - Kidney,Skilith
Macaroons - Homestyle Two Bit,Tagfeed
Scallops 60/80 Iqf,Avaveo
Squash - Pepper,Kwilith
Chef Hat 25cm,Skilith
Vegetable - Base,Tagfeed
Yogurt - Assorted Pack,Avaveo
Mahi Mahi,Kwilith
Longos - Chicken Wings,Skilith
Sugar - Splenda Sweetener,Avaveo
Beans - Yellow,Kwilith
Eel Fresh,Bluezoom
Pumpkin,Bluezoom
Water - Tonic,Avaveo
Wine - Chablis 2003 Champs,Bluezoom
Tart - Raisin And Pecan,Tagfeed
Oil - Pumpkinseed,Bluezoom
Sambuca - Opal Nera,Kwilith
"Asparagus - White, Fresh",Kwilith
Wine - Vouvray Cuvee Domaine,Bluezoom
"Pasta - Detalini, White, Fresh",Skilith
Beer - Upper Canada Lager,Bluezoom
Turnip - Mini,Tagfeed
Truffle Cups - Red,Skilith
Veal - Sweetbread,Skilith
Wine - Blue Nun Qualitatswein,Bluezoom
Veal - Kidney,Kwilith
Lambcasing,Skilith
Wine - Alsace Riesling Reserve,Bluezoom
Pop - Club Soda Can,Avaveo
Sausage - Chorizo,Tagfeed
Salmon - Fillets,Skilith
"Lemonade - Black Cherry, 591 Ml",Avaveo
Wine - Vouvray Cuvee Domaine,Bluezoom
Juice - Lime,Bluezoom
Coffee - Cafe Moreno,Tagfeed
Mushroom - Morel Frozen,Kwilith
"Rice Pilaf, Dry,package",Avaveo
Ecolab Digiclean Mild Fm,Avaveo
Beer - Mcauslan Apricot,Skilith
"Pasta - Lasagna Noodle, Frozen",Bluezoom
Shrimp - 100 / 200 Cold Water,Bluezoom
Monkfish Fresh - Skin Off,Skilith
"Beets - Candy Cane, Organic",Bluezoom
Sugar - Splenda Sweetener,Tagfeed
Bagel - Sesame Seed Presliced,Bluezoom
Pie Shell - 5,Avaveo
Chocolate - Milk,Bluezoom
Flour - All Purpose,Tagfeed
Spice - Chili Powder Mexican,Tagfeed
Dc Hikiage Hira Huba,Bluezoom
Beef - Diced,Bluezoom
Lettuce - Treviso,Tagfeed
Bread - Frozen Basket Variety,Tagfeed
Bread - Flat Bread,Tagfeed
Latex Rubber Gloves Size 9,Tagfeed
Longos - Penne With Pesto,Tagfeed
Sardines,Tagfeed
Munchies Honey Sweet Trail Mix,Skilith
"Pasta - Fettuccine, Egg, Fresh",Avaveo
Banana - Green,Tagfeed
Egg - Salad Premix,Tagfeed
Crackers - Soda / Saltins,Kwilith
Quail - Jumbo,Avaveo
Tuna - Fresh,Kwilith
Wine - Trimbach Pinot Blanc,Tagfeed
Cheese - Swiss,Kwilith
"Wine - Red, Pelee Island Merlot",Skilith
Oneshot Automatic Soap System,Skilith
Lotus Rootlets - Canned,Bluezoom
"Rice Pilaf, Dry,package",Kwilith
Pail For Lid 1537,Kwilith
Lemon Pepper,Tagfeed
Wine - Maipo Valle Cabernet,Kwilith
"Turkey - Whole, Fresh",Bluezoom
"Bread - Roll, Italian",Skilith
Pasta - Fusili Tri - Coloured,Bluezoom
Campari,Kwilith
Kellogs All Bran Bars,Kwilith
Truffle - Peelings,Bluezoom
Waffle Stix,Avaveo
Milk - 2% 250 Ml,Tagfeed
Okra,Skilith
Beef - Top Sirloin - Aaa,Avaveo
Extract Vanilla Pure,Skilith
Wanton Wrap,Bluezoom
Cake Sheet Combo Party Pack,Kwilith
Eel Fresh,Bluezoom
Energy Drink Red Bull,Kwilith
Honey - Liquid,Avaveo
"Coke - Diet, 355 Ml",Skilith
Truffle Cups Green,Skilith
Compound - Pear,Avaveo
Milk - Skim,Tagfeed
"Brocolinni - Gaylan, Chinese",Avaveo
"Bread - Pumpernickle, Rounds",Kwilith
Bagelers - Cinn / Brown Sugar,Skilith
"Soup - Clam Chowder, Dry Mix",Bluezoom
Bar Energy Chocchip,Skilith
Beef - Tenderloin - Aa,Tagfeed
Lettuce - Curly Endive,Avaveo
Cookies - Englishbay Oatmeal,Skilith
Longos - Assorted Sandwich,Tagfeed
Milk 2% 500 Ml,Bluezoom
Pastry - Lemon Danish - Mini,Avaveo
Spring Roll Wrappers,Bluezoom
Pastry - Mini French Pastries,Kwilith
Pur Source,Tagfeed
"Soup - Cream Of Broccoli, Dry",Bluezoom
Juice - Propel Sport,Bluezoom
Walkers Special Old Whiskey,Kwilith
Tea - Lemon Green Tea,Kwilith
"Wine - Red, Lurton Merlot De",Bluezoom
Fiddlehead - Frozen,Avaveo
Cake - Mini Cheesecake,Kwilith
Shrimp - Prawn,Avaveo
Duck - Fat,Kwilith
Turkey Tenderloin Frozen,Kwilith
"Pasta - Cannelloni, Sheets, Fresh",Bluezoom
"Yogurt - Cherry, 175 Gr",Avaveo
Beef Striploin Aaa,Kwilith
Squash - Acorn,Skilith
"Pepper - Paprika, Spanish",Bluezoom
The Pop Shoppe - Cream Soda,Tagfeed
Pork - Liver,Bluezoom
Soup - Chicken And Wild Rice,Kwilith
Pickles - Gherkins,Tagfeed
"Mushroom - Porcini, Dry",Skilith
"Wine - Red, Cabernet Sauvignon",Bluezoom
Papayas,Skilith
"Shrimp - 16/20, Peeled Deviened",Bluezoom
Napkin White,Avaveo
Island Oasis - Sweet And Sour Mix,Bluezoom
Soup - Campbells Chili,Bluezoom
Curry Paste - Green Masala,Bluezoom
Muffin Carrot - Individual,Bluezoom
Bread - Pumpernickel,Skilith
Spaghetti Squash,Tagfeed
Ecolab Digiclean Mild Fm,Bluezoom
Cheese - Brie,Kwilith
Sage Ground Wiberg,Kwilith
Chef Hat 25cm,Skilith
Coffee Swiss Choc Almond,Avaveo
Steampan - Half Size Shallow,Bluezoom
Onion - Dried,Kwilith
Lobster - Tail 6 Oz,Bluezoom
"Thyme - Lemon, Fresh",Skilith
"Ecolab - Orange Frc, Cleaner",Avaveo
Lettuce - Escarole,Bluezoom
Miso Paste White,Avaveo
Tomatoes - Yellow Hot House,Skilith
"Nut - Walnut, Pieces",Kwilith
Dc - Sakura Fu,Skilith
Salmon Steak - Cohoe 8 Oz,Avaveo
Strawberries,Skilith
Bread - Burger,Kwilith
Appetizer - Veg Assortment,Kwilith
Cream Of Tartar,Avaveo
Puree - Blackcurrant,Skilith
Muffin Orange Individual,Kwilith
"Tart Shells - Savory, 3",Kwilith
"Bread - Dark Rye, Loaf",Bluezoom
"Cheese - Cheddar, Mild",Kwilith
The Pop Shoppe - Cream Soda,Skilith
Sole - Fillet,Kwilith
Cake - Mini Potato Pancake,Bluezoom
Garbage Bags - Black,Avaveo
Seabream Whole Farmed,Avaveo
"Jam - Marmalade, Orange",Kwilith
Coffee Caramel Biscotti,Tagfeed
Beer - Original Organic Lager,Avaveo
Broom And Brush Rack Black,Bluezoom
"Mushroom - Shitake, Dry",Bluezoom
Sugar - Invert,Tagfeed
Garbage Bag - Clear,Bluezoom
Glove - Cutting,Avaveo
Wine - Spumante Bambino White,Kwilith
"Pasta - Cannelloni, Sheets, Fresh",Avaveo
Milk - 1%,Skilith
Ham - Black Forest,Tagfeed
Coffee Swiss Choc Almond,Bluezoom
Sauce - Hoisin,Avaveo
"Mushroom - Oyster, Fresh",Skilith
Appetizer - Sausage Rolls,Kwilith
"Nut - Peanut, Roasted",Bluezoom
Longos - Greek Salad,Avaveo
"Nestea - Ice Tea, Diet",Tagfeed
Schnappes Peppermint - Walker,Bluezoom
Calaloo,Kwilith
"Tabasco Sauce, 2 Oz",Skilith
Raspberries - Fresh,Skilith
Sobe - Cranberry Grapefruit,Tagfeed
Mayonnaise - Individual Pkg,Avaveo
Flour - Whole Wheat,Bluezoom
Tomatoes - Heirloom,Tagfeed
Water - Evian 355 Ml,Skilith
Soup - Campbells Beef Stew,Skilith
Sprite - 355 Ml,Tagfeed
Tomato Paste,Avaveo
Wine - Magnotta - Belpaese,Avaveo
Shark - Loin,Tagfeed
Potatoes - Fingerling 4 Oz,Tagfeed
"Juice - Grape, White",Tagfeed
Five Alive Citrus,Avaveo
Onions - Pearl,Skilith
Cream - 35%,Tagfeed
Slt - Individual Portions,Kwilith
Pepsi - 600ml,Skilith
"Wine - Red, Mouton Cadet",Tagfeed
"Wine - White, Ej Gallo",Kwilith
Towel Multifold,Skilith
Island Oasis - Peach Daiquiri,Avaveo
Muffin Hinge Container 6,Avaveo
Wine - Pinot Grigio Collavini,Tagfeed
"Yogurt - Banana, 175 Gr",Bluezoom
Tomatoes - Hot House,Skilith
Whmis Spray Bottle Graduated,Kwilith
"Juice - Apple, 341 Ml",Tagfeed
Ecolab - Balanced Fusion,Tagfeed
Tomatoes Tear Drop Yellow,Kwilith
"Pasta - Canelloni, Single Serve",Tagfeed
"Crab - Claws, Snow 16 - 24",Tagfeed
Cup - Paper 10oz 92959,Tagfeed
Pepper - Red Bell,Skilith
Soap - Mr.clean Floor Soap,Tagfeed
Buffalo - Short Rib Fresh,Skilith
"Potatoes - Yukon Gold, 80 Ct",Kwilith
Clams - Canned,Kwilith
Flour - Whole Wheat,Avaveo
Olives - Stuffed,Kwilith
Tarragon - Fresh,Skilith
Eel - Smoked,Kwilith
Artichoke - Fresh,Bluezoom
Bagelers - Cinn / Brown,Bluezoom
Bread - Raisin Walnut Pull,Avaveo
Tuna - Bluefin,Kwilith
"Nut - Pecan, Pieces",Bluezoom
Bread Bowl Plain,Avaveo
Trueblue - Blueberry Cranberry,Tagfeed
Cheese - Gorgonzola,Kwilith
Soup - Campbells Chili Veg,Kwilith
Saskatoon Berries - Frozen,Bluezoom
Chocolate Eclairs,Avaveo
Smoked Paprika,Tagfeed
Toamtoes 6x7 Select,Kwilith
Wine - Peller Estates Late,Bluezoom
Scotch - Queen Anne,Bluezoom
Plastic Arrow Stir Stick,Kwilith
"Shrimp, Dried, Small / Lb",Avaveo
Salt - Seasoned,Avaveo
"Wine - Niagara,vqa Reisling",Bluezoom
Wine - Valpolicella Masi,Bluezoom
Beer - Camerons Auburn,Skilith
Bread - Petit Baguette,Avaveo
Flower - Carnations,Tagfeed
Soup - Campbells Chili Veg,Avaveo
Anisette - Mcguiness,Skilith
Pork Salted Bellies,Skilith
Venison - Denver Leg Boneless,Skilith
Temperature Recording Station,Bluezoom
Langers - Ruby Red Grapfruit,Avaveo
Juice - Cranberry 284ml,Tagfeed
Magnotta - Bel Paese White,Kwilith
Pan Grease,Kwilith
Sauce Bbq Smokey,Bluezoom
Latex Rubber Gloves Size 9,Tagfeed
Sea Bass - Fillets,Bluezoom
Wine - Alsace Riesling Reserve,Tagfeed
Cumin - Ground,Skilith
The Pop Shoppe - Black Cherry,Tagfeed
Pancetta,Kwilith
Lettuce - Sea / Sea Asparagus,Bluezoom
Rice - Sushi,Avaveo
Puree - Pear,Avaveo
Cream - 18%,Skilith
Sobe - Tropical Energy,Bluezoom
Scallops - U - 10,Skilith
"Salmon - Atlantic, Fresh, Whole",Bluezoom
Vodka - Smirnoff,Skilith
Silicone Parch. 16.3x24.3,Avaveo
Bread - 10 Grain Parisian,Tagfeed
Cranberry Foccacia,Kwilith
"Cake Circle, Paprus",Bluezoom
Mushroom - Lg - Cello,Avaveo
Coffee Swiss Choc Almond,Kwilith
Asparagus - Frozen,Tagfeed
Sage Derby,Skilith
Towel - Roll White,Bluezoom
"Marsala - Sperone, Fine, D.o.c.",Skilith
"Beef - Tongue, Cooked",Avaveo
Dates,Bluezoom
Mousse - Mango,Skilith
Tilapia - Fillets,Avaveo
Mushroom - Morel Frozen,Kwilith
Goat - Whole Cut,Skilith
Table Cloth 54x72 Colour,Kwilith
"Rum - Light, Captain Morgan",Bluezoom
Sprouts - Brussel,Avaveo
Juice - Lemon,Avaveo
"Beef - Tenderlion, Center Cut",Tagfeed
Cheese Cheddar Processed,Avaveo
Cake - French Pear Tart,Avaveo
Bread Fig And Almond,Tagfeed
Smirnoff Green Apple Twist,Kwilith
Glucose,Avaveo
Cheese - Pont Couvert,Kwilith
Bag - Regular Kraft 20 Lb,Bluezoom
Oil - Sunflower,Tagfeed
Southern Comfort,Avaveo
"Ice - Clear, 300 Lb For Carving",Kwilith
Coffee Beans - Chocolate,Tagfeed
Mushroom Morel Fresh,Bluezoom
Mousse - Mango,Bluezoom
Lid - 0090 Clear,Skilith
Chips Potato Reg 43g,Tagfeed
Potatoes - Idaho 100 Count,Avaveo
"Juice - Clam, 46 Oz",Bluezoom
Table Cloth 120 Round White,Tagfeed
Bay Leaf,Tagfeed
Venison - Denver Leg Boneless,Skilith
Shiro Miso,Avaveo
Cheese - Cream Cheese,Kwilith
Turnip - White,Skilith
Pasta - Cheese / Spinach Bauletti,Bluezoom
Yams,Tagfeed
"Beef - Roasted, Cooked",Skilith
Lady Fingers,Tagfeed
Pop - Club Soda Can,Avaveo
Ecolab - Power Fusion,Bluezoom
Longan,Tagfeed
"Nut - Pine Nuts, Whole",Avaveo
Soup - Campbells Bean Medley,Skilith
Pancetta,Tagfeed
Lettuce - Romaine,Skilith
Yogurt - Assorted Pack,Skilith
Cheese Cloth No 100,Bluezoom
Potatoes - Mini White 3 Oz,Tagfeed
Sugar - Individual Portions,Bluezoom
Mcguinness - Blue Curacao,Avaveo
Myers Planters Punch,Avaveo
Cookie Double Choco,Kwilith
Banana Turning,Bluezoom
Wine - Sauvignon Blanc,Bluezoom
"Doilies - 7, Paper",Kwilith
Sword Pick Asst,Bluezoom
Soup - Campbells Mushroom,Kwilith
Wine - Clavet Saint Emilion,Avaveo
"Lamb - Whole Head Off,nz",Skilith
Glaze - Clear,Avaveo
Gatorade - Fruit Punch,Kwilith
Water - Aquafina Vitamin,Bluezoom
Calypso - Lemonade,Tagfeed
Wine - Prosecco Valdobiaddene,Skilith
Tarragon - Fresh,Tagfeed
Veal Inside - Provimi,Skilith
"Doilies - 12, Paper",Kwilith
Turnip - Wax,Skilith
Wine - Magnotta - Bel Paese White,Kwilith
Sugar - Cubes,Bluezoom
"Pasta - Fettuccine, Dry",Tagfeed
Compound - Passion Fruit,Skilith
Edible Flower - Mixed,Tagfeed
Fudge - Cream Fudge,Bluezoom
Beef - Top Sirloin - Aaa,Tagfeed
Cut Wakame - Hanawakaba,Bluezoom
Rosemary - Dry,Kwilith
Food Colouring - Orange,Avaveo
Tobasco Sauce,Bluezoom
Dried Cranberries,Tagfeed
Eel - Smoked,Tagfeed
Muffin - Blueberry Individual,Tagfeed
Ostrich - Prime Cut,Tagfeed
Wood Chips - Regular,Avaveo
Thyme - Dried,Kwilith
"Soup - Knorr, Ministrone",Bluezoom
Swiss Chard - Red,Tagfeed
Pastry - Chocolate Chip Muffin,Kwilith
"Nut - Chestnuts, Whole",Avaveo
Glass Clear 7 Oz Xl,Bluezoom
Lychee - Canned,Skilith
"Salmon - Whole, 4 - 6 Pounds",Skilith
Beer - Guiness,Avaveo
Chef Hat 25cm,Bluezoom
Squid Ink,Kwilith
Muffin - Zero Transfat,Avaveo
"Bread - Crumbs, Bulk",Bluezoom
"Water, Tap",Skilith
French Kiss Vanilla,Kwilith
Fond - Chocolate,Avaveo
Plasticknivesblack,Tagfeed
Chocolate - Chips Compound,Avaveo
Potatoes - Idaho 80 Count,Avaveo
Container Clear 8 Oz,Tagfeed
Glass Clear 7 Oz Xl,Tagfeed
Okra,Tagfeed
Soup Campbells Beef With Veg,Avaveo
Jameson Irish Whiskey,Tagfeed
Island Oasis - Strawberry,Avaveo
Sugar Thermometer,Avaveo
Ginsing - Fresh,Avaveo
Shrimp - Tiger 21/25,Bluezoom
Wine - Magnotta - Cab Franc,Avaveo
Rappini - Andy Boy,Skilith
Vinegar - Red Wine,Skilith
"Pasta - Rotini, Dry",Kwilith
Cabbage - Nappa,Avaveo
Wine - Vovray Sec Domaine Huet,Tagfeed
Sea Bass - Whole,Avaveo
Wine - Ej Gallo Sierra Valley,Avaveo
"Salmon - Smoked, Sliced",Bluezoom
Pate - Peppercorn,Avaveo
Wine - Chianti Classica Docg,Tagfeed
Cranberries - Dry,Skilith
Burger Veggie,Skilith
Flour - Strong,Avaveo
Wine - Casablanca Valley,Kwilith
Beef Striploin Aaa,Tagfeed
"Pasta - Shells, Medium, Dry",Avaveo
Wine - White Cab Sauv.on,Bluezoom
"Pork - Butt, Boneless",Bluezoom
Pur Source,Kwilith
Pecan Raisin - Tarts,Tagfeed
Hagen Daza - Dk Choocolate,Avaveo
Juice - V8 Splash,Tagfeed
"Pepper - Paprika, Spanish",Skilith
Yogurt - Plain,Bluezoom
Wiberg Super Cure,Avaveo
Mousse - Mango,Kwilith
Versatainer Nc - 9388,Bluezoom
Bread - Italian Roll With Herbs,Kwilith
Beer - Mcauslan Apricot,Tagfeed
Bamboo Shoots - Sliced,Avaveo
Tart - Raisin And Pecan,Bluezoom
Beef Cheek Fresh,Kwilith
Table Cloth 62x114 White,Kwilith
Cakes Assorted,Avaveo
Wine - Prosecco Valdobiaddene,Avaveo
Pasta - Canelloni,Kwilith
Salami - Genova,Skilith
Bread - Frozen Basket Variety,Tagfeed
"Beef - Chuck, Boneless",Bluezoom
Flour - Chickpea,Tagfeed
"Soup - Beef Conomme, Dry",Bluezoom
Muffin Orange Individual,Bluezoom
Kiwano,Tagfeed
Pancetta,Kwilith
Sugar - Cubes,Tagfeed
Island Oasis - Lemonade,Avaveo
Onions Granulated,Bluezoom
Clam Nectar,Tagfeed
Crackers - Soda / Saltins,Tagfeed
Wine - Segura Viudas Aria Brut,Tagfeed
"Marsala - Sperone, Fine, D.o.c.",Kwilith
Sour Cream,Kwilith
Beef Wellington,Bluezoom
Pail With Metal Handle 16l White,Bluezoom
Sea Bass - Fillets,Skilith
Bacardi Breezer - Strawberry,Skilith
Bagel - Ched Chs Presliced,Avaveo
Carrots - Mini Red Organic,Tagfeed
Plasticspoonblack,Bluezoom
Sauce - Mint,Bluezoom
Soup - Campbells Asian Noodle,Skilith
Truffle Shells - Semi - Sweet,Skilith
Wine - Chablis 2003 Champs,Avaveo
Nantucket Cranberry Juice,Bluezoom
Wine - Stoneliegh Sauvignon,Tagfeed
Tilapia - Fillets,Tagfeed
Turnip - Wax,Kwilith
Muffin Carrot - Individual,Avaveo
Glove - Cutting,Tagfeed
Island Oasis - Sweet And Sour Mix,Avaveo
Beef - Top Butt,Tagfeed
Beer - Heinekin,Skilith
"Pasta - Fett Alfredo, Single Serve",Bluezoom
Vinegar - Balsamic,Tagfeed
Pastry - Cherry Danish - Mini,Tagfeed
"Pasta - Lasagna Noodle, Frozen",Tagfeed
Turkey - Ground. Lean,Kwilith
"Crab - Blue, Frozen",Avaveo
Wiberg Cure,Bluezoom
Milk - 2%,Bluezoom
Container - Clear 16 Oz,Tagfeed
Coffee Cup 8oz 5338cd,Kwilith
Celery Root,Tagfeed
Beer - Upper Canada Lager,Skilith
Puree - Guava,Skilith
"Coconut - Shredded, Sweet",Tagfeed
Wine - Fume Blanc Fetzer,Bluezoom
Garlic Powder,Avaveo
"Gingerale - Schweppes, 355 Ml",Kwilith
Bread - Onion Focaccia,Bluezoom
Five Alive Citrus,Bluezoom
Cardamon Ground,Tagfeed
Ecolab Crystal Fusion,Avaveo
Lotus Rootlets - Canned,Avaveo
Mushroom - Chanterelle Frozen,Avaveo
Wine - Lou Black Shiraz,Avaveo
Sauce - Caesar Dressing,Tagfeed
Dc Hikiage Hira Huba,Tagfeed
Fenngreek Seed,Skilith
Vanilla Beans,Avaveo
"Pasta - Lasagna, Dry",Bluezoom
Juice - Lagoon Mango,Bluezoom
Cheese - Grie Des Champ,Bluezoom
Jameson - Irish Whiskey,Bluezoom
"Tart Shells - Sweet, 4",Kwilith
Dates,Avaveo
Soup - Tomato Mush. Florentine,Avaveo
Flower - Leather Leaf Fern,Skilith
Tea - Mint,Skilith
Cocoa Feuilletine,Skilith
Icecream Bar - Del Monte,Kwilith
Ecolab - Medallion,Tagfeed
Kaffir Lime Leaves,Skilith
Snapple - Mango Maddness,Avaveo
Couscous,Kwilith
Island Oasis - Wildberry,Kwilith
Cinnamon - Ground,Bluezoom
Muffins - Assorted,Skilith
Dish Towel,Kwilith
Bread - Frozen Basket Variety,Skilith
Blue Curacao - Marie Brizard,Tagfeed
Flour - Teff,Avaveo
"Nut - Peanut, Roasted",Bluezoom
"Wine - White, Lindemans Bin 95",Kwilith
"Tea - Darjeeling, Azzura",Skilith
Temperature Recording Station,Bluezoom
Water - Spring 1.5lit,Bluezoom
Sauce - Chili,Bluezoom
Puree - Strawberry,Skilith
Wine - Magnotta - Cab Franc,Avaveo
"Pork - Loin, Boneless",Bluezoom
Sour Puss - Tangerine,Kwilith
Mace Ground,Tagfeed
Soup Campbells - Italian Wedding,Kwilith
Pizza Pizza Dough,Tagfeed
Tea - Orange Pekoe,Avaveo
Sauce - Hoisin,Tagfeed
Chinese Lemon Pork,Bluezoom
Cabbage - Red,Tagfeed
Vinegar - White Wine,Avaveo
Table Cloth 53x53 White,Tagfeed
"Soup - French Onion, Dry",Bluezoom
Puree - Mocha,Avaveo
"Tart Shells - Sweet, 2",Avaveo
Mix - Cocktail Strawberry Daiquiri,Tagfeed
Apple - Northern Spy,Skilith
Cabbage - Red,Kwilith
Chicken Thigh - Bone Out,Skilith
Ice Cream Bar - Drumstick,Tagfeed
"Hickory Smoke, Liquid",Kwilith
Tomatillo,Kwilith
Capers - Pickled,Bluezoom
Cheese - Grie Des Champ,Bluezoom
Mustard - Pommery,Skilith
Schnappes Peppermint - Walker,Tagfeed
Tea - Jasmin Green,Skilith
Crab - Meat Combo,Skilith
Beef - Kobe Striploin,Skilith
Wine - Manischewitz Concord,Kwilith
"Wine - Bourgogne 2002, La",Kwilith
Sausage - Liver,Avaveo
Saskatoon Berries - Frozen,Skilith
Pork - Side Ribs,Skilith
Extract - Lemon,Kwilith
Tea - English Breakfast,Tagfeed
Cloves - Whole,Skilith
Nori Sea Weed,Tagfeed
Flower - Commercial Spider,Tagfeed
Pails With Lids,Bluezoom
"Wine - Niagara,vqa Reisling",Kwilith
Ham - Procutinni,Tagfeed
"Wine - White, Concha Y Toro",Kwilith
Herb Du Provence - Primerba,Avaveo
Bagel - Whole White Sesame,Bluezoom
Swiss Chard - Red,Bluezoom
Cheese - Blue,Tagfeed
Pastry - Carrot Muffin - Mini,Tagfeed
Myers Planters Punch,Avaveo
Sauce - Soy Low Sodium - 3.87l,Kwilith
Salt And Pepper Mix - White,Bluezoom
"Mushrooms - Black, Dried",Bluezoom
Grenadillo,Avaveo
Muffin Batt - Carrot Spice,Avaveo
Muffin Mix - Blueberry,Kwilith
Lobster - Base,Bluezoom
Nantucket - Pomegranate Pear,Skilith
"Appetizer - Spring Roll, Veg",Kwilith
Pork - Belly Fresh,Avaveo
"Zucchini - Mini, Green",Avaveo
Muffin - Mix - Mango Sour Cherry,Skilith
Creme De Menth - White,Skilith
Versatainer Nc - 8288,Bluezoom
"Lobster - Tail, 3 - 4 Oz",Avaveo
"Pork - Back, Long Cut, Boneless",Skilith
Sauce - Demi Glace,Avaveo
"Shrimp, Dried, Small / Lb",Skilith
Pop Shoppe Cream Soda,Skilith
Pineapple - Golden,Bluezoom
Veal - Bones,Bluezoom
Pork - Ham Hocks - Smoked,Skilith
"Wine - White, Colubia Cresh",Avaveo
"Soup - Campbells, Butternut",Tagfeed
Food Colouring - Pink,Kwilith
Oil - Pumpkinseed,Avaveo
"Beef - Tongue, Cooked",Bluezoom
Wine - Chateau Aqueria Tavel,Skilith
Leeks - Large,Skilith
"Chicken - Leg, Fresh",Kwilith
Flour - Rye,Skilith
Appetizer - Crab And Brie,Skilith
Wine - Vovray Sec Domaine Huet,Avaveo
Beer - Labatt Blue,Tagfeed
Olive - Spread Tapenade,Bluezoom
Beer - Creemore,Tagfeed
"Yogurt - Strawberry, 175 Gr",Kwilith
"Bread - Bagels, Plain",Skilith
Sauce - Rosee,Skilith
Lamb Tenderloin Nz Fr,Skilith
Bread Base - Toscano,Tagfeed
Soup - Campbells Pasta Fagioli,Kwilith
Crab - Meat Combo,Kwilith
Blackberries,Bluezoom
Guinea Fowl,Tagfeed
Temperature Recording Station,Tagfeed
Vinegar - White,Bluezoom
Water - Aquafina Vitamin,Tagfeed
Soup - Campbellschix Stew,Avaveo
Bread Crumbs - Japanese Style,Tagfeed
Island Oasis - Mango Daiquiri,Bluezoom
Chick Peas - Dried,Tagfeed
Buffalo - Striploin,Skilith
Filo Dough,Avaveo
Pork - European Side Bacon,Kwilith
"Sparkling Wine - Rose, Freixenet",Bluezoom
"Leeks - Baby, White",Avaveo
Watercress,Kwilith
Oil - Olive,Avaveo
Wine - Dubouef Macon - Villages,Tagfeed
Dome Lid Clear P92008h,Skilith
Pate - Liver,Kwilith
"Soup - Campbells, Lentil",Skilith
"Wine - Red, Pinot Noir, Chateau",Bluezoom
Graham Cracker Mix,Avaveo
Dried Peach,Avaveo
Cleaner - Pine Sol,Kwilith
Ham - Procutinni,Skilith
Olives - Morracan Dired,Tagfeed
Rabbit - Saddles,Tagfeed
"Soup - Beef, Base Mix",Kwilith
Cheese - Augre Des Champs,Bluezoom
Wine - Ej Gallo Sonoma,Bluezoom
Nantucket Pine Orangebanana,Avaveo
Creme De Cacao White,Kwilith
Vacuum Bags 12x16,Avaveo
Vinegar - White,Bluezoom
Cod - Black Whole Fillet,Tagfeed
"Beans - Kidney, Canned",Kwilith
"Cheese - Havarti, Roasted Garlic",Tagfeed
Wine - Barossa Valley Estate,Avaveo
Sloe Gin - Mcguinness,Avaveo
Kellogs All Bran Bars,Avaveo
"Soup - Campbells, Cream Of",Bluezoom
Langers - Cranberry Cocktail,Avaveo
Onions - Cooking,Tagfeed
Cheese - Cheddarsliced,Tagfeed
Muffin Mix - Carrot,Bluezoom
Island Oasis - Ice Cream Mix,Skilith
Skewers - Bamboo,Avaveo
Cheese - Provolone,Avaveo
"Rum - White, Gg White",Avaveo
Bread Crumbs - Panko,Bluezoom
Hold Up Tool Storage Rack,Kwilith
Wine - Placido Pinot Grigo,Bluezoom
Foil - Round Foil,Skilith
Cabbage - Nappa,Bluezoom
Onions Granulated,Skilith
"Squash - Pattypan, Yellow",Bluezoom
Nantucket - Orange Mango Cktl,Skilith
"Veal - Brisket, Provimi,bnls",Avaveo
Pork - Side Ribs,Tagfeed
"Wine - Cahors Ac 2000, Clos",Skilith
Crackers - Trio,Avaveo
Cranberries - Frozen,Skilith
Tahini Paste,Avaveo
"Onions - Dried, Chopped",Kwilith
Initation Crab Meat,Kwilith
Cookies Almond Hazelnut,Skilith
Jam - Raspberry,Bluezoom
Truffle Cups - Brown,Bluezoom
Samosa - Veg,Kwilith
Filter - Coffee,Kwilith
Island Oasis - Sweet And Sour Mix,Avaveo
Shark - Loin,Tagfeed
Pepper - Green,Tagfeed
Lidsoupcont Rp12dn,Skilith
Basil - Thai,Kwilith
Pastry - French Mini Assorted,Avaveo
Lettuce - Lambs Mash,Avaveo
"Lemonade - Black Cherry, 591 Ml",Tagfeed
Wine - Prem Select Charddonany,Kwilith
Island Oasis - Magarita Mix,Avaveo
Capon - Whole,Bluezoom
Higashimaru Usukuchi Soy,Kwilith
Blouse / Shirt / Sweater,Tagfeed
Propel Sport Drink,Kwilith
Watercress,Tagfeed
Versatainer Nc - 8288,Avaveo
"Juice - Apple, 500 Ml",Skilith
Aspic - Clear,Avaveo
Energy Drink - Redbull 355ml,Kwilith
Scallops - U - 10,Bluezoom
Pepper - Cayenne,Tagfeed
Kale - Red,Skilith
Chambord Royal,Avaveo
"Soup - Campbells, Lentil",Bluezoom
"Water - Spring Water, 355 Ml",Skilith
Beer - Guiness,Bluezoom
"Plate - Foam, Bread And Butter",Kwilith
Corn Syrup,Tagfeed
Beer - Labatt Blue,Tagfeed
Pastry - Chocolate Chip Muffin,Tagfeed
"Veal - Inside, Choice",Kwilith
"Beans - Black Bean, Dry",Tagfeed
Langers - Cranberry Cocktail,Tagfeed
Beef Striploin Aaa,Bluezoom
Cookie Dough - Peanut Butter,Skilith
"Pork - Back, Short Cut, Boneless",Tagfeed
Cumin - Whole,Skilith
Carbonated Water - Orange,Tagfeed
Mushroom - King Eryingii,Tagfeed
Peach - Halves,Skilith
Kohlrabi,Kwilith
"Carrots - Mini, Stem On",Tagfeed
Beer - True North Strong Ale,Tagfeed
Wine - Carmenere Casillero Del,Bluezoom
Hot Choc Vending,Bluezoom
Milk - Skim,Kwilith
Sardines,Bluezoom
Wine - Winzer Krems Gruner,Bluezoom
"Juice - Clamato, 341 Ml",Tagfeed
Iced Tea Concentrate,Avaveo
"Flour - Bran, Red",Tagfeed
Samosa - Veg,Bluezoom
Cheese - Roquefort Pappillon,Bluezoom
Trout Rainbow Whole,Avaveo
"Pork - Bacon,back Peameal",Bluezoom
Butcher Twine 4r,Skilith
Cactus Pads,Skilith
"Soup - Knorr, Classic Can. Chili",Bluezoom
Bread - Flat Bread,Skilith
"Doilies - 5, Paper",Bluezoom
Sage - Rubbed,Tagfeed
